target_quantile,tau_abs_delta,auc,positive_fraction
90,0.019534913823008537,0.9364827093903005,0.10000003483369004
95,0.028728023171424866,0.9522480327694136,0.05000001741684502
98,0.044819820672273636,0.9666866239034573,0.019999937299357947
99,0.06037638336420059,0.9762088165086208,0.009999968649678974
